<?xml version='1.0' encoding='ISO-8859-1' ?>
<File Type='Application' Version='6.1.0'>
<Application Debug='False'>
<Platform Name='CRESTRON_APP'>
<OS>6.1</OS>
<DeviceName>MobileCore3UI</DeviceName>
<DisplayUnit>pixel</DisplayUnit>
<DisplayWidth>640</DisplayWidth>
<DisplayHeight>1096</DisplayHeight>
</Platform>
<Information>
<ToolName>Vtpro-e</ToolName>
<ToolVersion>6202</ToolVersion>
<Date>20220725132852</Date>
</Information>
<LockOrientation>true</LockOrientation>
<DefaultURL></DefaultURL>
</Application>
</File>
